filename,recID,date,time,treatment,id,tank#no,frame#,IN/OUT(1/-1),info,note,Erroneous
rec0024_doorchoice_20220803_110948.24248657,24,2022/08/03,110948,without_food,43,24,3855,1,,,
rec0024_doorchoice_20220803_110948.24248657,24,2022/08/03,110948,without_food,43,24,6567,-1,,,
rec0024_doorchoice_20220803_110948.24248657,24,2022/08/03,110948,without_food,43,24,8569,1,,,
rec0025_doorchoice_20220803_110948.24248658,25,2022/08/03,110948,without_food,32,16,788,1,,,
rec0025_doorchoice_20220803_110948.24248658,25,2022/08/03,110948,without_food,32,16,1612,-1,,,
rec0025_doorchoice_20220803_110948.24248658,25,2022/08/03,110948,without_food,32,16,8317,1,,,
rec0025_doorchoice_20220803_110948.24248658,25,2022/08/03,110948,without_food,32,16,10438,-1,,,
rec0026_doorchoice_20220803_110948.24248661,26,2022/08/03,110948,without_food,33,20,3058,1,,,
rec0026_doorchoice_20220803_110948.24248661,26,2022/08/03,110948,without_food,34,17,5523,1,,,
rec0026_doorchoice_20220803_110948.24248661,26,2022/08/03,110948,without_food,33,20,5658,-1,,,
rec0026_doorchoice_20220803_110948.24248661,26,2022/08/03,110948,without_food,36,19,5857,1,,,
rec0026_doorchoice_20220803_110948.24248661,26,2022/08/03,110948,without_food,34,17,7801,-1,,,
rec0026_doorchoice_20220803_110948.24248661,26,2022/08/03,110948,without_food,36,19,8737,-1,,,
rec0026_doorchoice_20220803_110948.24248661,26,2022/08/03,110948,without_food,36,19,9537,1,,,
rec0026_doorchoice_20220803_110948.24248661,26,2022/08/03,110948,without_food,34,17,10548,1,,,
rec0027_doorchoice_20220803_121613.24248657,27,2022/08/03,121613,with_food,43,24,3492,1,,,
rec0027_doorchoice_20220803_121613.24248657,27,2022/08/03,121613,with_food,47,22,6925,1,,,
rec0028_doorchoice_20220803_121613.24248658,28,2022/08/03,121613,with_food,32,15,6545,1,,,
rec0028_doorchoice_20220803_121613.24248658,28,2022/08/03,121613,with_food,32,15,7213,-1,,,
rec0029_doorchoice_20220803_121613.24248661,29,2022/08/03,121613,with_food,34,17,8213,1,,,
rec0029_doorchoice_20220803_121613.24248661,29,2022/08/03,121613,with_food,36,19,8590,1,,,
rec0029_doorchoice_20220803_121613.24248661,29,2022/08/03,121613,with_food,33,20,8835,1,,,
rec0029_doorchoice_20220803_121613.24248661,29,2022/08/03,121613,with_food,34,17,8910,-1,,,
rec0030_doorchoice_20220803_144831.24248657,30,2022/08/03,144831,with_food,43,24,1643,1,,,
rec0031_doorchoice_20220803_144831.24248658,31,2022/08/03,144831,with_food,,,,,,,
rec0032_doorchoice_20220803_144831.24248661,32,2022/08/03,144831,with_food,33,20,3007,1,,,
rec0032_doorchoice_20220803_144831.24248661,32,2022/08/03,144831,with_food,36,19,4369,1,,,
rec0032_doorchoice_20220803_144831.24248661,32,2022/08/03,144831,with_food,34,17,4613,1,,,
rec0032_doorchoice_20220803_144831.24248661,32,2022/08/03,144831,with_food,33,20,4670,-1,,,
rec0032_doorchoice_20220803_144831.24248661,32,2022/08/03,144831,with_food,34,17,6008,-1,,,
rec0033_doorchoice_20220803_163909.24248657,33,2022/08/03,163909,with_food,43,24,4518,1,,,
rec0033_doorchoice_20220803_163909.24248657,33,2022/08/03,163909,with_food,47,22,8562,1,,,
rec0048_doorchoice_20220808_103213.24248657,48,2022/08/08,103213,without_food,57,23,8892,1,,,
rec0049_doorchoice_20220808_103213.24248658,49,2022/08/08,103213,without_food,72,15,4947,1,,,
rec0049_doorchoice_20220808_103213.24248658,49,2022/08/08,103213,without_food,72,15,7916,-1,,,
rec0049_doorchoice_20220808_103213.24248658,49,2022/08/08,103213,without_food,72,15,8691,1,,,
rec0049_doorchoice_20220808_103213.24248658,49,2022/08/08,103213,without_food,72,15,9812,-1,,,
rec0050_doorchoice_20220808_103213.24248661,50,2022/08/08,103213,without_food,71,19,7359,1,,,
rec0050_doorchoice_20220808_103213.24248661,50,2022/08/08,103213,without_food,71,19,9555,-1,,,
rec0051_doorchoice_20220808_121714.24248657,51,2022/08/08,121714,with_food,57,23,1751,1,,,
rec0051_doorchoice_20220808_121714.24248657,51,2022/08/08,121714,with_food,59,21,3117,1,,,
rec0052_doorchoice_20220808_121714.24248658,52,2022/08/08,121714,with_food,72,15,2293,1,,,
rec0052_doorchoice_20220808_121714.24248658,52,2022/08/08,121714,with_food,72,15,4648,-1,,,
rec0052_doorchoice_20220808_121714.24248658,52,2022/08/08,121714,with_food,72,15,9741,1,,,
rec0053_doorchoice_20220808_121714.24248661,53,2022/08/08,121714,with_food,71,19,8453,1,,,
rec0054_doorchoice_20220808_142045.24248657,54,2022/08/08,142045,with_food,57,23,4976,1,,,
rec0054_doorchoice_20220808_142045.24248657,54,2022/08/08,142045,with_food,69,22,4973,1,,,
rec0054_doorchoice_20220808_142045.24248657,54,2022/08/08,142045,with_food,59,21,10395,1,,,
rec0055_doorchoice_20220808_142045.24248658,55,2022/08/08,142045,with_food,72,15,9517,1,,,
rec0055_doorchoice_20220808_142045.24248658,55,2022/08/08,142045,with_food,72,15,9643,-1,,,
rec0056_doorchoice_20220808_142045.24248661,56,2022/08/08,142045,with_food,71,19,2065,1,,,
rec0056_doorchoice_20220808_142045.24248661,56,2022/08/08,142045,with_food,56,18,9302,1,,,
rec0057_doorchoice_20220808_161942.24248657,57,2022/08/08,142045,with_food,57,23,935,1,,,
rec0057_doorchoice_20220808_161942.24248657,57,2022/08/08,142045,with_food,59,21,1196,1,,,
rec0057_doorchoice_20220808_161942.24248657,57,2022/08/08,142045,with_food,57,23,2023,-1,,,
rec0057_doorchoice_20220808_161942.24248657,57,2022/08/08,142045,with_food,57,23,2098,1,,,
rec0057_doorchoice_20220808_161942.24248657,57,2022/08/08,142045,with_food,57,23,2470,-1,,,
rec0057_doorchoice_20220808_161942.24248657,57,2022/08/08,142045,with_food,57,23,2685,1,,,
rec0057_doorchoice_20220808_161942.24248657,57,2022/08/08,142045,with_food,69,22,3620,1,,,
rec0057_doorchoice_20220808_161942.24248657,57,2022/08/08,142045,with_food,57,23,3752,-1,,,
rec0057_doorchoice_20220808_161942.24248657,57,2022/08/08,142045,with_food,57,23,4781,1,,,
rec0057_doorchoice_20220808_161942.24248657,57,2022/08/08,142045,with_food,59,21,5421,-1,,,
rec0057_doorchoice_20220808_161942.24248657,57,2022/08/08,142045,with_food,69,22,7857,-1,,,
rec0057_doorchoice_20220808_161942.24248657,57,2022/08/08,142045,with_food,57,23,8315,-1,,,
rec0057_doorchoice_20220808_161942.24248657,57,2022/08/08,142045,with_food,57,23,8550,1,,,
rec0057_doorchoice_20220808_161942.24248657,57,2022/08/08,142045,with_food,59,21,9811,1,,,
rec0057_doorchoice_20220808_161942.24248657,57,2022/08/08,142045,with_food,57,23,10043,-1,,,
rec0057_doorchoice_20220808_161942.24248657,57,2022/08/08,142045,with_food,59,21,10124,-1,,,
rec0057_doorchoice_20220808_161942.24248657,57,2022/08/08,142045,with_food,59,21,10310,1,,,
rec0057_doorchoice_20220808_161942.24248657,57,2022/08/08,142045,with_food,69,22,10686,-1,,,
rec0058_doorchoice_20220808_161942.24248658,58,2022/08/08,142045,with_food,72,15,3841,1,,,
rec0058_doorchoice_20220808_161942.24248658,58,2022/08/08,142045,with_food,72,15,5051,-1,,,
rec0058_doorchoice_20220808_161942.24248658,58,2022/08/08,142045,with_food,72,15,5911,1,,,
rec0058_doorchoice_20220808_161942.24248658,58,2022/08/08,142045,with_food,72,15,6126,-1,,,
rec0058_doorchoice_20220808_161942.24248658,58,2022/08/08,142045,with_food,72,15,6325,1,,,
rec0059_doorchoice_20220808_161942.24248661,59,2022/08/08,142045,with_food,56,18,3055,1,,,
rec0059_doorchoice_20220808_161942.24248661,59,2022/08/08,142045,with_food,71,19,4111,1,,,
rec0059_doorchoice_20220808_161942.24248661,59,2022/08/08,142045,with_food,71,19,5299,-1,,,
rec0059_doorchoice_20220808_161942.24248661,59,2022/08/08,142045,with_food,56,18,5452,-1,,,
rec0059_doorchoice_20220808_161942.24248661,59,2022/08/08,142045,with_food,71,19,5905,1,,,
rec0059_doorchoice_20220808_161942.24248661,59,2022/08/08,142045,with_food,56,18,6297,1,,,
rec0059_doorchoice_20220808_161942.24248661,59,2022/08/08,142045,with_food,56,18,6423,-1,,,
rec0059_doorchoice_20220808_161942.24248661,59,2022/08/08,142045,with_food,71,19,7239,-1,,,
rec0059_doorchoice_20220808_161942.24248661,59,2022/08/08,142045,with_food,56,18,8543,1,,,
rec0059_doorchoice_20220808_161942.24248661,59,2022/08/08,142045,with_food,71,19,9803,-1,,,
rec0060_doorchoice_20220809_104006.24248657,60,2022/08/09,104006,without_food,59,21,3403,1,,,
rec0060_doorchoice_20220809_104006.24248657,60,2022/08/09,104006,without_food,69,22,3642,1,,,
rec0060_doorchoice_20220809_104006.24248657,60,2022/08/09,104006,without_food,57,23,3912,1,,,
rec0060_doorchoice_20220809_104006.24248657,60,2022/08/09,104006,without_food,59,21,4660,-1,,,
rec0060_doorchoice_20220809_104006.24248657,60,2022/08/09,104006,without_food,59,21,4839,1,,,
rec0060_doorchoice_20220809_104006.24248657,60,2022/08/09,104006,without_food,71,19,6074,-1,,,1
rec0060_doorchoice_20220809_104006.24248657,60,2022/08/09,104006,without_food,69,22,6627,-1,,,
rec0060_doorchoice_20220809_104006.24248657,60,2022/08/09,104006,without_food,57,23,6670,1,,,
rec0060_doorchoice_20220809_104006.24248657,60,2022/08/09,104006,without_food,57,23,7047,-1,,,
rec0060_doorchoice_20220809_104006.24248657,60,2022/08/09,104006,without_food,57,23,7330,1,,,
rec0061_doorchoice_20220809_104006.24248658,61,2022/08/09,104006,without_food,58,16,4869,1,,,1
rec0061_doorchoice_20220809_104006.24248658,61,2022/08/09,104006,without_food,55,13,5735,1,,,
rec0061_doorchoice_20220809_104006.24248658,61,2022/08/09,104006,without_food,72,15,7114,1,,,
rec0061_doorchoice_20220809_104006.24248658,61,2022/08/09,104006,without_food,72,15,7618,-1,,,
rec0061_doorchoice_20220809_104006.24248658,61,2022/08/09,104006,without_food,72,15,10069,1,,,
rec0062_doorchoice_20220809_104006.24248661,62,2022/08/09,104006,without_food,56,18,1987,1,,,
rec0062_doorchoice_20220809_104006.24248661,62,2022/08/09,104006,without_food,56,18,3055,-1,,,
rec0062_doorchoice_20220809_104006.24248661,62,2022/08/09,104006,without_food,56,18,4606,1,,,
rec0062_doorchoice_20220809_104006.24248661,62,2022/08/09,104006,without_food,71,19,5525,1,,,
rec0062_doorchoice_20220809_104006.24248661,62,2022/08/09,104006,without_food,56,18,7495,1,,,
rec0062_doorchoice_20220809_104006.24248661,62,2022/08/09,104006,without_food,56,18,9295,-1,,,
rec0062_doorchoice_20220809_104006.24248661,62,2022/08/09,104006,without_food,71,19,10231,-1,,,
rec0063_doorchoice_20220809_122911.24248657,63,2022/08/09,122911,with_food,59,21,438,1,,,
rec0063_doorchoice_20220809_122911.24248657,63,2022/08/09,122911,with_food,69,22,1471,1,,,
rec0063_doorchoice_20220809_122911.24248657,63,2022/08/09,122911,with_food,59,21,4840,-1,,,
rec0063_doorchoice_20220809_122911.24248657,63,2022/08/09,122911,with_food,69,22,5208,-1,,,
rec0063_doorchoice_20220809_122911.24248657,63,2022/08/09,122911,with_food,59,21,5363,1,,,
rec0063_doorchoice_20220809_122911.24248657,63,2022/08/09,122911,with_food,59,21,6643,-1,,,
rec0063_doorchoice_20220809_122911.24248657,63,2022/08/09,122911,with_food,59,21,7596,1,,,
rec0063_doorchoice_20220809_122911.24248657,63,2022/08/09,122911,with_food,69,22,9306,1,,,
rec0064_doorchoice_20220809_122911.24248658,64,2022/08/09,122911,with_food,55,13,5218,1,,,
rec0064_doorchoice_20220809_122911.24248658,64,2022/08/09,122911,with_food,55,13,6749,1,,,
rec0064_doorchoice_20220809_122911.24248658,64,2022/08/09,122911,with_food,55,13,8742,1,,,
rec0064_doorchoice_20220809_122911.24248658,64,2022/08/09,122911,with_food,55,13,8933,1,,,
rec0064_doorchoice_20220809_122911.24248658,64,2022/08/09,122911,with_food,55,13,10307,1,,,
rec0064_doorchoice_20220809_122911.24248658,64,2022/08/09,122911,with_food,55,13,5961,-1,,,
rec0064_doorchoice_20220809_122911.24248658,64,2022/08/09,122911,with_food,55,13,8445,-1,,,
rec0064_doorchoice_20220809_122911.24248658,64,2022/08/09,122911,with_food,55,13,8851,-1,,,
rec0064_doorchoice_20220809_122911.24248658,64,2022/08/09,122911,with_food,55,13,10183,-1,,,
rec0065_doorchoice_20220809_122911.24248661,65,2022/08/09,122911,with_food,56,18,1213,1,,,
rec0065_doorchoice_20220809_122911.24248661,65,2022/08/09,122911,with_food,56,18,3877,1,,,
rec0065_doorchoice_20220809_122911.24248661,65,2022/08/09,122911,with_food,56,18,8598,1,,,
rec0065_doorchoice_20220809_122911.24248661,65,2022/08/09,122911,with_food,56,18,9277,1,,,
rec0065_doorchoice_20220809_122911.24248661,65,2022/08/09,122911,with_food,56,18,3460,-1,,,
rec0065_doorchoice_20220809_122911.24248661,65,2022/08/09,122911,with_food,56,18,5695,-1,,,
rec0065_doorchoice_20220809_122911.24248661,65,2022/08/09,122911,with_food,56,18,8924,-1,,,
rec0065_doorchoice_20220809_122911.24248661,65,2022/08/09,122911,with_food,71,19,3047,1,,,
rec0065_doorchoice_20220809_122911.24248661,65,2022/08/09,122911,with_food,71,19,4514,1,,,
rec0065_doorchoice_20220809_122911.24248661,65,2022/08/09,122911,with_food,71,19,6084,1,,,
rec0065_doorchoice_20220809_122911.24248661,65,2022/08/09,122911,with_food,71,19,6456,1,,,
rec0065_doorchoice_20220809_122911.24248661,65,2022/08/09,122911,with_food,71,19,9873,1,,,
rec0065_doorchoice_20220809_122911.24248661,65,2022/08/09,122911,with_food,71,19,4244,-1,,,
rec0065_doorchoice_20220809_122911.24248661,65,2022/08/09,122911,with_food,71,19,5539,-1,,,
rec0065_doorchoice_20220809_122911.24248661,65,2022/08/09,122911,with_food,71,19,6239,-1,,,
rec0065_doorchoice_20220809_122911.24248661,65,2022/08/09,122911,with_food,71,19,7906,-1,,,
rec0066_doorchoice_20220809_144020.24248657,66,2022/08/09,144020,with_food,69,22,8828,1,,,
rec0066_doorchoice_20220809_144020.24248657,66,2022/08/09,144020,with_food,57,23,894,1,,,
rec0066_doorchoice_20220809_144020.24248657,66,2022/08/09,144020,with_food,57,23,3343,1,,,
rec0066_doorchoice_20220809_144020.24248657,66,2022/08/09,144020,with_food,57,23,2758,-1,,,
rec0066_doorchoice_20220809_144020.24248657,66,2022/08/09,144020,with_food,57,23,7594,-1,,,
rec0067_doorchoice_20220809_144020.24248658,67,2022/08/09,144020,with_food,55,13,1963,1,,,
rec0067_doorchoice_20220809_144020.24248658,67,2022/08/09,144020,with_food,55,13,3363,1,,,
rec0067_doorchoice_20220809_144020.24248658,67,2022/08/09,144020,with_food,55,13,4590,1,,,
rec0067_doorchoice_20220809_144020.24248658,67,2022/08/09,144020,with_food,55,13,5295,1,,,
rec0067_doorchoice_20220809_144020.24248658,67,2022/08/09,144020,with_food,55,13,7415,1,,,
rec0067_doorchoice_20220809_144020.24248658,67,2022/08/09,144020,with_food,55,13,8355,1,,,
rec0067_doorchoice_20220809_144020.24248658,67,2022/08/09,144020,with_food,55,13,10025,1,,,
rec0067_doorchoice_20220809_144020.24248658,67,2022/08/09,144020,with_food,55,13,3181,-1,,,
rec0067_doorchoice_20220809_144020.24248658,67,2022/08/09,144020,with_food,55,13,4327,-1,,,
rec0067_doorchoice_20220809_144020.24248658,67,2022/08/09,144020,with_food,55,13,4741,-1,,,
rec0067_doorchoice_20220809_144020.24248658,67,2022/08/09,144020,with_food,55,13,7194,-1,,,
rec0067_doorchoice_20220809_144020.24248658,67,2022/08/09,144020,with_food,55,13,8072,-1,,,
rec0067_doorchoice_20220809_144020.24248658,67,2022/08/09,144020,with_food,55,13,9504,-1,,,
rec0067_doorchoice_20220809_144020.24248658,67,2022/08/09,144020,with_food,55,13,10742,-1,,,
rec0067_doorchoice_20220809_144020.24248658,67,2022/08/09,144020,with_food,72,15,1810,1,,,
rec0067_doorchoice_20220809_144020.24248658,67,2022/08/09,144020,with_food,72,15,2226,-1,,,
rec0068_doorchoice_20220809_144020.24248661,68,2022/08/09,144020,with_food,56,18,1335,1,,,
rec0068_doorchoice_20220809_144020.24248661,68,2022/08/09,144020,with_food,56,18,3646,1,,,
rec0068_doorchoice_20220809_144020.24248661,68,2022/08/09,144020,with_food,56,18,10182,1,,,
rec0068_doorchoice_20220809_144020.24248661,68,2022/08/09,144020,with_food,56,18,3244,-1,,,
rec0068_doorchoice_20220809_144020.24248661,68,2022/08/09,144020,with_food,56,18,4963,-1,,,
rec0068_doorchoice_20220809_144020.24248661,68,2022/08/09,144020,with_food,71,19,4177,1,,,
rec0068_doorchoice_20220809_144020.24248661,68,2022/08/09,144020,with_food,71,19,5328,1,,,
rec0068_doorchoice_20220809_144020.24248661,68,2022/08/09,144020,with_food,71,19,6626,1,,,
rec0068_doorchoice_20220809_144020.24248661,68,2022/08/09,144020,with_food,71,19,10118,1,,,
rec0068_doorchoice_20220809_144020.24248661,68,2022/08/09,144020,with_food,71,19,5004,-1,,,
rec0068_doorchoice_20220809_144020.24248661,68,2022/08/09,144020,with_food,71,19,6457,-1,,,
rec0068_doorchoice_20220809_144020.24248661,68,2022/08/09,144020,with_food,71,19,9489,-1,,,
rec0068_doorchoice_20220809_144020.24248661,68,2022/08/09,144020,with_food,71,19,10763,-1,,,
rec0069_doorchoice_20220809_162305.24248657,69,2022/08/09,162305,with_food,69,22,2350,1,,,
rec0069_doorchoice_20220809_162305.24248657,69,2022/08/09,162305,with_food,69,22,7734,-1,,,
rec0069_doorchoice_20220809_162305.24248657,69,2022/08/09,162305,with_food,57,23,4688,1,,,
rec0069_doorchoice_20220809_162305.24248657,69,2022/08/09,162305,with_food,57,23,6820,1,,,
rec0069_doorchoice_20220809_162305.24248657,69,2022/08/09,162305,with_food,57,23,7810,1,,,
rec0069_doorchoice_20220809_162305.24248657,69,2022/08/09,162305,with_food,57,23,6605,-1,,,
rec0069_doorchoice_20220809_162305.24248657,69,2022/08/09,162305,with_food,57,23,7159,-1,,,
rec0069_doorchoice_20220809_162305.24248657,69,2022/08/09,162305,with_food,57,23,9260,-1,,,
rec0070_doorchoice_20220809_162305.24248658,70,2022/08/09,162305,with_food,55,13,943,1,,,
rec0070_doorchoice_20220809_162305.24248658,70,2022/08/09,162305,with_food,55,13,1782,1,,,
rec0070_doorchoice_20220809_162305.24248658,70,2022/08/09,162305,with_food,55,13,2677,1,,,
rec0070_doorchoice_20220809_162305.24248658,70,2022/08/09,162305,with_food,55,13,3310,1,,,
rec0070_doorchoice_20220809_162305.24248658,70,2022/08/09,162305,with_food,55,13,4416,1,,,
rec0070_doorchoice_20220809_162305.24248658,70,2022/08/09,162305,with_food,55,13,5597,1,,,
rec0070_doorchoice_20220809_162305.24248658,70,2022/08/09,162305,with_food,55,13,8684,1,,,
rec0070_doorchoice_20220809_162305.24248658,70,2022/08/09,162305,with_food,55,13,1685,-1,,,
rec0070_doorchoice_20220809_162305.24248658,70,2022/08/09,162305,with_food,55,13,2567,-1,,,
rec0070_doorchoice_20220809_162305.24248658,70,2022/08/09,162305,with_food,55,13,2954,-1,,,
rec0070_doorchoice_20220809_162305.24248658,70,2022/08/09,162305,with_food,55,13,3812,-1,,,
rec0070_doorchoice_20220809_162305.24248658,70,2022/08/09,162305,with_food,55,13,4986,-1,,,
rec0070_doorchoice_20220809_162305.24248658,70,2022/08/09,162305,with_food,55,13,6957,-1,,,
rec0070_doorchoice_20220809_162305.24248658,70,2022/08/09,162305,with_food,55,13,10203,-1,,,
rec0070_doorchoice_20220809_162305.24248658,70,2022/08/09,162305,with_food,72,15,2833,1,,,
rec0070_doorchoice_20220809_162305.24248658,70,2022/08/09,162305,with_food,72,15,5746,1,,,
rec0070_doorchoice_20220809_162305.24248658,70,2022/08/09,162305,with_food,72,15,3582,-1,,,
rec0070_doorchoice_20220809_162305.24248658,70,2022/08/09,162305,with_food,72,15,8684,-1,,,
rec0071_doorchoice_20220809_162305.24248661,71,2022/08/09,162305,with_food,56,18,1198,1,,,
rec0071_doorchoice_20220809_162305.24248661,71,2022/08/09,162305,with_food,56,18,3066,1,,,
rec0071_doorchoice_20220809_162305.24248661,71,2022/08/09,162305,with_food,56,18,4704,1,,,
rec0071_doorchoice_20220809_162305.24248661,71,2022/08/09,162305,with_food,56,18,6712,1,,,
rec0071_doorchoice_20220809_162305.24248661,71,2022/08/09,162305,with_food,56,18,2426,-1,,,
rec0071_doorchoice_20220809_162305.24248661,71,2022/08/09,162305,with_food,56,18,3481,-1,,,
rec0071_doorchoice_20220809_162305.24248661,71,2022/08/09,162305,with_food,56,18,5806,-1,,,
rec0071_doorchoice_20220809_162305.24248661,71,2022/08/09,162305,with_food,56,18,7701,-1,,,
rec0071_doorchoice_20220809_162305.24248661,71,2022/08/09,162305,with_food,71,19,5323,1,,,
rec0071_doorchoice_20220809_162305.24248661,71,2022/08/09,162305,with_food,71,19,7262,1,,,
rec0071_doorchoice_20220809_162305.24248661,71,2022/08/09,162305,with_food,71,19,7902,1,,,
rec0071_doorchoice_20220809_162305.24248661,71,2022/08/09,162305,with_food,71,19,8366,1,,,
rec0071_doorchoice_20220809_162305.24248661,71,2022/08/09,162305,with_food,71,19,6997,-1,,,
rec0071_doorchoice_20220809_162305.24248661,71,2022/08/09,162305,with_food,71,19,7493,-1,,,
rec0071_doorchoice_20220809_162305.24248661,71,2022/08/09,162305,with_food,71,19,8104,-1,,,
rec0071_doorchoice_20220809_162305.24248661,71,2022/08/09,162305,with_food,71,19,10746,-1,,,
rec0072_doorchoice_20220810_112134.24248657,72,08-10-2022,112134,without_food,81,22,5327,1,,,
rec0072_doorchoice_20220810_112134.24248657,72,08-10-2022,112134,without_food,81,22,7259,1,,,
rec0072_doorchoice_20220810_112134.24248657,72,08-10-2022,112134,without_food,81,22,9154,1,,,
rec0072_doorchoice_20220810_112134.24248657,72,08-10-2022,112134,without_food,81,22,6851,-1,,,
rec0072_doorchoice_20220810_112134.24248657,72,08-10-2022,112134,without_food,81,22,8432,-1,,,
rec0072_doorchoice_20220810_112134.24248657,72,08-10-2022,112134,without_food,79,21,3915,1,,,
rec0072_doorchoice_20220810_112134.24248657,72,08-10-2022,112134,without_food,79,21,9276,1,,,
rec0072_doorchoice_20220810_112134.24248657,72,08-10-2022,112134,without_food,79,21,3455,-1,,,
rec0072_doorchoice_20220810_112134.24248657,72,08-10-2022,112134,without_food,79,21,7674,-1,,,
rec0072_doorchoice_20220810_112134.24248657,72,08-10-2022,112134,without_food,84,24,796,1,,,
rec0073_doorchoice_20220810_112134.24248658,73,08-10-2022,112134,without_food,80,14,904,1,,,
rec0073_doorchoice_20220810_112134.24248658,73,08-10-2022,112134,without_food,80,14,2056,1,,,
rec0073_doorchoice_20220810_112134.24248658,73,08-10-2022,112134,without_food,80,14,3181,1,,,
rec0073_doorchoice_20220810_112134.24248658,73,08-10-2022,112134,without_food,80,14,4897,1,,,
rec0073_doorchoice_20220810_112134.24248658,73,08-10-2022,112134,without_food,80,14,6136,1,,,
rec0073_doorchoice_20220810_112134.24248658,73,08-10-2022,112134,without_food,80,14,8088,1,,,
rec0073_doorchoice_20220810_112134.24248658,73,08-10-2022,112134,without_food,80,14,9887,1,,,
rec0073_doorchoice_20220810_112134.24248658,73,08-10-2022,112134,without_food,80,14,1986,-1,,,
rec0073_doorchoice_20220810_112134.24248658,73,08-10-2022,112134,without_food,80,14,2831,-1,,,
rec0073_doorchoice_20220810_112134.24248658,73,08-10-2022,112134,without_food,80,14,4748,-1,,,
rec0073_doorchoice_20220810_112134.24248658,73,08-10-2022,112134,without_food,80,14,5843,-1,,,
rec0073_doorchoice_20220810_112134.24248658,73,08-10-2022,112134,without_food,80,14,6592,-1,,,
rec0073_doorchoice_20220810_112134.24248658,73,08-10-2022,112134,without_food,80,14,9435,-1,,,
rec0073_doorchoice_20220810_112134.24248658,73,08-10-2022,112134,without_food,82,16,1205,1,,,
rec0073_doorchoice_20220810_112134.24248658,73,08-10-2022,112134,without_food,82,16,2226,1,,,
rec0073_doorchoice_20220810_112134.24248658,73,08-10-2022,112134,without_food,82,16,2891,1,,,
rec0073_doorchoice_20220810_112134.24248658,73,08-10-2022,112134,without_food,82,16,5053,1,,,
rec0073_doorchoice_20220810_112134.24248658,73,08-10-2022,112134,without_food,82,16,8150,1,,,
rec0073_doorchoice_20220810_112134.24248658,73,08-10-2022,112134,without_food,82,16,1775,-1,,,
rec0073_doorchoice_20220810_112134.24248658,73,08-10-2022,112134,without_food,82,16,2630,-1,,,
rec0073_doorchoice_20220810_112134.24248658,73,08-10-2022,112134,without_food,82,16,4509,-1,,,
rec0073_doorchoice_20220810_112134.24248658,73,08-10-2022,112134,without_food,82,16,6579,-1,,,
rec0074_doorchoice_20220810_112134.24248661,74,08-10-2022,112134,without_food,91,18,739,1,,,
rec0074_doorchoice_20220810_112134.24248661,74,08-10-2022,112134,without_food,91,18,4513,1,,,
rec0074_doorchoice_20220810_112134.24248661,74,08-10-2022,112134,without_food,91,18,8831,1,,,
rec0074_doorchoice_20220810_112134.24248661,74,08-10-2022,112134,without_food,91,18,4409,-1,,,
rec0074_doorchoice_20220810_112134.24248661,74,08-10-2022,112134,without_food,91,18,7447,-1,,,
rec0074_doorchoice_20220810_112134.24248661,74,08-10-2022,112134,without_food,92,20,881,1,,,
rec0074_doorchoice_20220810_112134.24248661,74,08-10-2022,112134,without_food,92,20,6366,1,,,
rec0074_doorchoice_20220810_112134.24248661,74,08-10-2022,112134,without_food,92,20,8137,1,,,
rec0074_doorchoice_20220810_112134.24248661,74,08-10-2022,112134,without_food,92,20,10052,1,,,
rec0074_doorchoice_20220810_112134.24248661,74,08-10-2022,112134,without_food,92,20,5644,-1,,,
rec0074_doorchoice_20220810_112134.24248661,74,08-10-2022,112134,without_food,92,20,7783,-1,,,
rec0074_doorchoice_20220810_112134.24248661,74,08-10-2022,112134,without_food,92,20,9547,-1,,,
rec0074_doorchoice_20220810_112134.24248661,74,08-10-2022,112134,without_food,83,19,836,1,,,
rec0075_doorchoice_20220810_122851.24248657,75,08-10-2022,122851,with_food,81,22,9396,1,,,
rec0075_doorchoice_20220810_122851.24248657,75,08-10-2022,122851,with_food,84,24,1291,1,,,
rec0076_doorchoice_20220810_122851.24248658,76,08-10-2022,122851,with_food,80,14,2797,1,,,
rec0076_doorchoice_20220810_122851.24248658,76,08-10-2022,122851,with_food,80,14,9441,-1,,,
rec0076_doorchoice_20220810_122851.24248658,76,08-10-2022,122851,with_food,82,16,1832,1,,,
rec0076_doorchoice_20220810_122851.24248658,76,08-10-2022,122851,with_food,82,16,6923,1,,,
rec0076_doorchoice_20220810_122851.24248658,76,08-10-2022,122851,with_food,82,16,5306,-1,,,
rec0077_doorchoice_20220810_122851.24248661,77,08-10-2022,122851,with_food,91,18,5378,1,,,
rec0077_doorchoice_20220810_122851.24248661,77,08-10-2022,122851,with_food,91,18,10050,-1,,,
rec0077_doorchoice_20220810_122851.24248661,77,08-10-2022,122851,with_food,92,20,5577,1,,,
rec0077_doorchoice_20220810_122851.24248661,77,08-10-2022,122851,with_food,83,19,890,1,,,
rec0077_doorchoice_20220810_122851.24248661,77,08-10-2022,122851,with_food,83,19,6598,1,,,
rec0077_doorchoice_20220810_122851.24248661,77,08-10-2022,122851,with_food,83,19,4985,-1,,,
rec0077_doorchoice_20220810_122851.24248661,77,08-10-2022,122851,with_food,83,19,9008,-1,,,
rec0078_doorchoice_20220810_143422.24248657,78,08-10-2022,143422,with_food,81,22,1928,1,,,
rec0078_doorchoice_20220810_143422.24248657,78,08-10-2022,143422,with_food,81,22,3977,1,,,
rec0078_doorchoice_20220810_143422.24248657,78,08-10-2022,143422,with_food,81,22,8993,1,,,
rec0078_doorchoice_20220810_143422.24248657,78,08-10-2022,143422,with_food,81,22,3603,-1,,,
rec0078_doorchoice_20220810_143422.24248657,78,08-10-2022,143422,with_food,81,22,5150,-1,,,
rec0078_doorchoice_20220810_143422.24248657,78,08-10-2022,143422,with_food,81,22,9881,-1,,,
rec0078_doorchoice_20220810_143422.24248657,78,08-10-2022,143422,with_food,54,24,884,1,,,1
rec0078_doorchoice_20220810_143422.24248657,78,08-10-2022,143422,with_food,54,24,6114,1,,,1
rec0078_doorchoice_20220810_143422.24248657,78,08-10-2022,143422,with_food,54,24,3848,-1,,,1
rec0079_doorchoice_20220810_143422.24248658,79,08-10-2022,143422,with_food,80,14,3040,1,,,
rec0079_doorchoice_20220810_143422.24248658,79,08-10-2022,143422,with_food,80,14,7466,1,,,
rec0079_doorchoice_20220810_143422.24248658,79,08-10-2022,143422,with_food,80,14,6806,-1,,,
rec0079_doorchoice_20220810_143422.24248658,79,08-10-2022,143422,with_food,80,14,8466,-1,,,
rec0079_doorchoice_20220810_143422.24248658,79,08-10-2022,143422,with_food,82,16,1529,1,,,
rec0079_doorchoice_20220810_143422.24248658,79,08-10-2022,143422,with_food,82,16,3730,1,,,
rec0079_doorchoice_20220810_143422.24248658,79,08-10-2022,143422,with_food,82,16,2413,-1,,,
rec0080_doorchoice_20220810_143422.24248661,80,08/10/22,143422,with_food,91,18,1676,1,,,
rec0080_doorchoice_20220810_143422.24248661,80,08/10/22,143422,with_food,91,18,6603,1,,,
rec0080_doorchoice_20220810_143422.24248661,80,08/10/22,143422,with_food,91,18,4270,-1,,,
rec0080_doorchoice_20220810_143422.24248661,80,08/10/22,143422,with_food,92,20,3174,1,,,
rec0080_doorchoice_20220810_143422.24248661,80,08/10/22,143422,with_food,92,20,5592,1,,,
rec0080_doorchoice_20220810_143422.24248661,80,08/10/22,143422,with_food,92,20,6693,1,,,
rec0080_doorchoice_20220810_143422.24248661,80,08/10/22,143422,with_food,92,20,3819,-1,,,
rec0080_doorchoice_20220810_143422.24248661,80,08/10/22,143422,with_food,92,20,6468,-1,,,
rec0080_doorchoice_20220810_143422.24248661,80,08/10/22,143422,with_food,83,19,2930,1,,,
rec0081_doorchoice_20220810_162025.24248657,81,08/10/22,162025,with_food,81,22,9753,1,,,
rec0081_doorchoice_20220810_162025.24248657,81,08/10/22,162025,with_food,84,24,622,1,,,
rec0081_doorchoice_20220810_162025.24248657,81,08/10/22,162025,with_food,84,24,3191,1,,,
rec0081_doorchoice_20220810_162025.24248657,81,08/10/22,162025,with_food,84,24,4908,1,,,
rec0081_doorchoice_20220810_162025.24248657,81,08/10/22,162025,with_food,84,24,1414,-1,,,
rec0081_doorchoice_20220810_162025.24248657,81,08/10/22,162025,with_food,84,24,4383,-1,,,
rec0081_doorchoice_20220810_162025.24248657,81,08/10/22,162025,with_food,84,24,6257,-1,,,
rec0082_doorchoice_20220810_162025.24248658,82,08/10/22,162025,with_food,84,24,9227,1,,,
rec0082_doorchoice_20220810_162025.24248658,82,08/10/22,162025,with_food,80,14,9412,-1,,,
rec0082_doorchoice_20220810_162025.24248658,82,08/10/22,162025,with_food,82,16,4447,1,,,
rec0082_doorchoice_20220810_162025.24248658,82,08/10/22,162025,with_food,82,16,5256,1,,,
rec0082_doorchoice_20220810_162025.24248658,82,08/10/22,162025,with_food,82,16,5786,1,,,
rec0082_doorchoice_20220810_162025.24248658,82,08/10/22,162025,with_food,82,16,7318,1,,,
rec0082_doorchoice_20220810_162025.24248658,82,08/10/22,162025,with_food,82,16,7572,1,,,
rec0082_doorchoice_20220810_162025.24248658,82,08/10/22,162025,with_food,82,16,5020,-1,,,
rec0082_doorchoice_20220810_162025.24248658,82,08/10/22,162025,with_food,82,16,5558,-1,,,
rec0082_doorchoice_20220810_162025.24248658,82,08/10/22,162025,with_food,82,16,6161,-1,,,
rec0082_doorchoice_20220810_162025.24248658,82,08/10/22,162025,with_food,82,16,7460,-1,,,
rec0083_doorchoice_20220810_162025.24248661,83,08/10/22,162025,with_food,91,18,5030,1,,,
rec0083_doorchoice_20220810_162025.24248661,83,08/10/22,162025,with_food,91,18,9359,1,,,
rec0083_doorchoice_20220810_162025.24248661,83,08/10/22,162025,with_food,91,18,10172,1,,,
rec0083_doorchoice_20220810_162025.24248661,83,08/10/22,162025,with_food,91,18,8776,-1,,,
rec0083_doorchoice_20220810_162025.24248661,83,08/10/22,162025,with_food,91,18,9665,-1,,,
rec0083_doorchoice_20220810_162025.24248661,83,08/10/22,162025,with_food,92,20,10072,1,,,
rec0083_doorchoice_20220810_162025.24248661,83,08/10/22,162025,with_food,92,20,10358,-1,,,
rec0083_doorchoice_20220810_162025.24248661,83,08/10/22,162025,with_food,83,19,2224,1,,,
rec0084_doorchoice_20220811_104124.24248657,84,08/11/22,104124,without_food,81,22,2299,1,,,
rec0084_doorchoice_20220811_104124.24248657,84,08/11/22,104124,without_food,81,22,4326,1,,,
rec0084_doorchoice_20220811_104124.24248657,84,08/11/22,104124,without_food,81,22,6761,1,,,
rec0084_doorchoice_20220811_104124.24248657,84,08/11/22,104124,without_food,81,22,8913,1,,,
rec0084_doorchoice_20220811_104124.24248657,84,08/11/22,104124,without_food,81,22,3613,-1,,,
rec0084_doorchoice_20220811_104124.24248657,84,08/11/22,104124,without_food,81,22,5644,-1,,,
rec0084_doorchoice_20220811_104124.24248657,84,08/11/22,104124,without_food,81,22,8482,-1,,,
rec0084_doorchoice_20220811_104124.24248657,84,08/11/22,104124,without_food,79,21,4703,1,,,
rec0084_doorchoice_20220811_104124.24248657,84,08/11/22,104124,without_food,79,21,6573,-1,,,
rec0084_doorchoice_20220811_104124.24248657,84,08/11/22,104124,without_food,84,22,6662,1,,,
rec0084_doorchoice_20220811_104124.24248657,84,08/11/22,104124,without_food,84,22,10235,1,,,
rec0084_doorchoice_20220811_104124.24248657,84,08/11/22,104124,without_food,84,22,9747,-1,,,
rec0085_doorchoice_20220811_104124.24248658,85,08/11/22,104124,without_food,80,14,766,1,,,
rec0085_doorchoice_20220811_104124.24248658,85,08/11/22,104124,without_food,80,14,2565,1,,,
rec0085_doorchoice_20220811_104124.24248658,85,08/11/22,104124,without_food,80,14,4627,1,,,
rec0085_doorchoice_20220811_104124.24248658,85,08/11/22,104124,without_food,80,14,5331,1,,,
rec0085_doorchoice_20220811_104124.24248658,85,08/11/22,104124,without_food,80,14,2296,-1,,,
rec0085_doorchoice_20220811_104124.24248658,85,08/11/22,104124,without_food,80,14,3722,-1,,,
rec0085_doorchoice_20220811_104124.24248658,85,08/11/22,104124,without_food,80,14,5142,-1,,,
rec0085_doorchoice_20220811_104124.24248658,85,08/11/22,104124,without_food,80,14,8659,-1,,,
rec0085_doorchoice_20220811_104124.24248658,85,08/11/22,104124,without_food,80,14,8930,-1,,,
rec0085_doorchoice_20220811_104124.24248658,85,08/11/22,104124,without_food,82,16,10369,1,,,
rec0085_doorchoice_20220811_104124.24248658,85,08/11/22,104124,without_food,82,16,10651,-1,,,
rec0086_doorchoice_20220811_104124.24248661,86,08/11/22,104124,without_food,91,18,669,1,,,
rec0086_doorchoice_20220811_104124.24248661,86,08/11/22,104124,without_food,91,18,4626,1,,,
rec0086_doorchoice_20220811_104124.24248661,86,08/11/22,104124,without_food,91,18,8718,1,,,
rec0086_doorchoice_20220811_104124.24248661,86,08/11/22,104124,without_food,91,18,2420,-1,,,
rec0086_doorchoice_20220811_104124.24248661,86,08/11/22,104124,without_food,91,18,8037,-1,,,
rec0086_doorchoice_20220811_104124.24248661,86,08/11/22,104124,without_food,91,18,8900,-1,,,
rec0086_doorchoice_20220811_104124.24248661,86,08/11/22,104124,without_food,92,20,3094,1,,,
rec0086_doorchoice_20220811_104124.24248661,86,08/11/22,104124,without_food,92,20,6529,1,,,
rec0086_doorchoice_20220811_104124.24248661,86,08/11/22,104124,without_food,92,20,8409,1,,,
rec0086_doorchoice_20220811_104124.24248661,86,08/11/22,104124,without_food,92,20,10730,1,,,
rec0086_doorchoice_20220811_104124.24248661,86,08/11/22,104124,without_food,92,20,6371,-1,,,
rec0086_doorchoice_20220811_104124.24248661,86,08/11/22,104124,without_food,92,20,7126,-1,,,
rec0086_doorchoice_20220811_104124.24248661,86,08/11/22,104124,without_food,92,20,10473,-1,,,
rec0086_doorchoice_20220811_104124.24248661,86,08/11/22,104124,without_food,83,19,3794,1,,,
rec0086_doorchoice_20220811_104124.24248661,86,08/11/22,104124,without_food,83,19,4336,1,,,
rec0086_doorchoice_20220811_104124.24248661,86,08/11/22,104124,without_food,83,19,9114,1,,,
rec0086_doorchoice_20220811_104124.24248661,86,08/11/22,104124,without_food,83,19,4161,-1,,,
rec0086_doorchoice_20220811_104124.24248661,86,08/11/22,104124,without_food,83,19,8649,-1,,,
rec0086_doorchoice_20220811_104124.24248661,86,08/11/22,104124,without_food,83,19,9448,-1,,,
rec0087_doorchoice_20220811_125246.24248657,87,08/11/22,125246,with_food,81,22,1731,1,,,
rec0087_doorchoice_20220811_125246.24248657,87,08/11/22,125246,with_food,81,22,2074,1,,,
rec0087_doorchoice_20220811_125246.24248657,87,08/11/22,125246,with_food,81,22,2424,1,,,
rec0087_doorchoice_20220811_125246.24248657,87,08/11/22,125246,with_food,81,22,3296,1,,,
rec0087_doorchoice_20220811_125246.24248657,87,08/11/22,125246,with_food,81,22,4156,1,,,
rec0087_doorchoice_20220811_125246.24248657,87,08/11/22,125246,with_food,81,22,5160,1,,,
rec0087_doorchoice_20220811_125246.24248657,87,08/11/22,125246,with_food,81,22,5576,1,,,
rec0087_doorchoice_20220811_125246.24248657,87,08/11/22,125246,with_food,81,22,9215,1,,,
rec0087_doorchoice_20220811_125246.24248657,87,08/11/22,125246,with_food,81,22,10244,1,,,
rec0087_doorchoice_20220811_125246.24248657,87,08/11/22,125246,with_food,81,22,2023,-1,,,
rec0087_doorchoice_20220811_125246.24248657,87,08/11/22,125246,with_food,81,22,2343,-1,,,
rec0087_doorchoice_20220811_125246.24248657,87,08/11/22,125246,with_food,81,22,2867,-1,,,
rec0087_doorchoice_20220811_125246.24248657,87,08/11/22,125246,with_food,81,22,3515,-1,,,
rec0087_doorchoice_20220811_125246.24248657,87,08/11/22,125246,with_food,81,22,4514,-1,,,
rec0087_doorchoice_20220811_125246.24248657,87,08/11/22,125246,with_food,81,22,5462,-1,,,
rec0087_doorchoice_20220811_125246.24248657,87,08/11/22,125246,with_food,81,22,8852,-1,,,
rec0087_doorchoice_20220811_125246.24248657,87,08/11/22,125246,with_food,81,22,9384,-1,,,
rec0087_doorchoice_20220811_125246.24248657,87,08/11/22,125246,with_food,81,22,10681,-1,,,
rec0087_doorchoice_20220811_125246.24248657,87,08/11/22,125246,with_food,84,24,3603,1,,,
rec0087_doorchoice_20220811_125246.24248657,87,08/11/22,125246,with_food,84,24,6580,1,,,
rec0087_doorchoice_20220811_125246.24248657,87,08/11/22,125246,with_food,84,24,6121,-1,,,
rec0087_doorchoice_20220811_125246.24248657,87,08/11/22,125246,with_food,84,24,7599,-1,,,
rec0088_doorchoice_20220811_125246.24248658,88,08/11/22,125246,with_food,82,16,2621,1,,,
rec0088_doorchoice_20220811_125246.24248658,88,08/11/22,125246,with_food,82,16,3898,1,,,
rec0088_doorchoice_20220811_125246.24248658,88,08/11/22,125246,with_food,82,16,4271,1,,,
rec0088_doorchoice_20220811_125246.24248658,88,08/11/22,125246,with_food,82,16,4820,1,,,
rec0088_doorchoice_20220811_125246.24248658,88,08/11/22,125246,with_food,82,16,5730,1,,,
rec0088_doorchoice_20220811_125246.24248658,88,08/11/22,125246,with_food,82,16,7534,1,,,
rec0088_doorchoice_20220811_125246.24248658,88,08/11/22,125246,with_food,82,16,3710,-1,,,
rec0088_doorchoice_20220811_125246.24248658,88,08/11/22,125246,with_food,82,16,4096,-1,,,
rec0088_doorchoice_20220811_125246.24248658,88,08/11/22,125246,with_food,82,16,4503,-1,,,
rec0088_doorchoice_20220811_125246.24248658,88,08/11/22,125246,with_food,82,16,5267,-1,,,
rec0088_doorchoice_20220811_125246.24248658,88,08/11/22,125246,with_food,82,16,6785,-1,,,
rec0088_doorchoice_20220811_125246.24248658,88,08/11/22,125246,with_food,80,14,7097,1,,,
rec0088_doorchoice_20220811_125246.24248658,88,08/11/22,125246,with_food,80,14,9328,1,,,
rec0088_doorchoice_20220811_125246.24248658,88,08/11/22,125246,with_food,80,14,9237,-1,,,
rec0089_doorchoice_20220811_125246.24248661,89,08/11/22,125246,with_food,92,20,2336,1,,,
rec0089_doorchoice_20220811_125246.24248661,89,08/11/22,125246,with_food,92,20,3278,1,,,
rec0089_doorchoice_20220811_125246.24248661,89,08/11/22,125246,with_food,92,20,4437,1,,,
rec0089_doorchoice_20220811_125246.24248661,89,08/11/22,125246,with_food,92,20,7037,1,,,
rec0089_doorchoice_20220811_125246.24248661,89,08/11/22,125246,with_food,92,20,9970,1,,,
rec0089_doorchoice_20220811_125246.24248661,89,08/11/22,125246,with_food,92,20,3098,-1,,,
rec0089_doorchoice_20220811_125246.24248661,89,08/11/22,125246,with_food,92,20,3666,-1,,,
rec0089_doorchoice_20220811_125246.24248661,89,08/11/22,125246,with_food,92,20,6461,-1,,,
rec0089_doorchoice_20220811_125246.24248661,89,08/11/22,125246,with_food,92,20,9782,-1,,,
rec0089_doorchoice_20220811_125246.24248661,89,08/11/22,125246,with_food,83,19,5277,-1,,,
rec0089_doorchoice_20220811_125246.24248661,89,08/11/22,125246,with_food,83,19,10230,-1,,,
rec0090_doorchoice_20220811_143350.24248657,90,08/11/22,143350,with_food,81,22,1474,1,,,
rec0090_doorchoice_20220811_143350.24248657,90,08/11/22,143350,with_food,81,22,2293,1,,,
rec0090_doorchoice_20220811_143350.24248657,90,08/11/22,143350,with_food,81,22,3273,1,,,
rec0090_doorchoice_20220811_143350.24248657,90,08/11/22,143350,with_food,81,22,3990,1,,,
rec0090_doorchoice_20220811_143350.24248657,90,08/11/22,143350,with_food,81,22,4314,1,,,
rec0090_doorchoice_20220811_143350.24248657,90,08/11/22,143350,with_food,81,22,4967,1,,,
rec0090_doorchoice_20220811_143350.24248657,90,08/11/22,143350,with_food,81,22,7740,1,,,
rec0090_doorchoice_20220811_143350.24248657,90,08/11/22,143350,with_food,81,22,2127,-1,,,
rec0090_doorchoice_20220811_143350.24248657,90,08/11/22,143350,with_food,81,22,2424,-1,,,
rec0090_doorchoice_20220811_143350.24248657,90,08/11/22,143350,with_food,81,22,3853,-1,,,
rec0090_doorchoice_20220811_143350.24248657,90,08/11/22,143350,with_food,81,22,4114,-1,,,
rec0090_doorchoice_20220811_143350.24248657,90,08/11/22,143350,with_food,81,22,4680,-1,,,
rec0090_doorchoice_20220811_143350.24248657,90,08/11/22,143350,with_food,81,22,5298,-1,,,
rec0090_doorchoice_20220811_143350.24248657,90,08/11/22,143350,with_food,81,22,5147,-1,,,
rec0090_doorchoice_20220811_143350.24248657,90,08/11/22,143350,with_food,84,24,3869,1,,,
rec0090_doorchoice_20220811_143350.24248657,90,08/11/22,143350,with_food,84,24,9055,1,,,
rec0090_doorchoice_20220811_143350.24248657,90,08/11/22,143350,with_food,84,24,5700,-1,,,
rec0091_doorchoice_20220811_143350.24248658,91,08/11/22,143350,with_food,82,16,5755,1,,,
rec0091_doorchoice_20220811_143350.24248658,91,08/11/22,143350,with_food,82,16,6837,1,,,
rec0091_doorchoice_20220811_143350.24248658,91,08/11/22,143350,with_food,82,16,7566,1,,,
rec0091_doorchoice_20220811_143350.24248658,91,08/11/22,143350,with_food,82,16,8629,1,,,
rec0091_doorchoice_20220811_143350.24248658,91,08/11/22,143350,with_food,82,16,10675,1,,,
rec0091_doorchoice_20220811_143350.24248658,91,08/11/22,143350,with_food,82,16,6764,-1,,,
rec0091_doorchoice_20220811_143350.24248658,91,08/11/22,143350,with_food,82,16,7441,-1,,,
rec0091_doorchoice_20220811_143350.24248658,91,08/11/22,143350,with_food,82,16,8425,-1,,,
rec0091_doorchoice_20220811_143350.24248658,91,08/11/22,143350,with_food,82,16,9910,-1,,,
rec0091_doorchoice_20220811_143350.24248658,91,08/11/22,143350,with_food,80,14,6955,1,,,
rec0091_doorchoice_20220811_143350.24248658,91,08/11/22,143350,with_food,80,14,7586,1,,,
rec0091_doorchoice_20220811_143350.24248658,91,08/11/22,143350,with_food,80,14,6752,-1,,,
rec0091_doorchoice_20220811_143350.24248658,91,08/11/22,143350,with_food,80,14,7209,-1,,,
rec0091_doorchoice_20220811_143350.24248658,91,08/11/22,143350,with_food,80,14,10416,-1,,,
rec0092_doorchoice_20220811_143350.24248661,92,08/11/22,143350,with_food,91,18,2812,1,,,
rec0092_doorchoice_20220811_143350.24248661,92,08/11/22,143350,with_food,91,18,3944,1,,,
rec0092_doorchoice_20220811_143350.24248661,92,08/11/22,143350,with_food,91,18,3444,-1,,,
rec0092_doorchoice_20220811_143350.24248661,92,08/11/22,143350,with_food,92,20,2178,1,,,
rec0092_doorchoice_20220811_143350.24248661,92,08/11/22,143350,with_food,92,20,2750,1,,,
rec0092_doorchoice_20220811_143350.24248661,92,08/11/22,143350,with_food,92,20,3761,1,,,
rec0092_doorchoice_20220811_143350.24248661,92,08/11/22,143350,with_food,92,20,4043,1,,,
rec0092_doorchoice_20220811_143350.24248661,92,08/11/22,143350,with_food,92,20,5340,1,,,
rec0092_doorchoice_20220811_143350.24248661,92,08/11/22,143350,with_food,92,20,6813,1,,,
rec0092_doorchoice_20220811_143350.24248661,92,08/11/22,143350,with_food,92,20,2619,-1,,,
rec0092_doorchoice_20220811_143350.24248661,92,08/11/22,143350,with_food,92,20,3237,-1,,,
rec0092_doorchoice_20220811_143350.24248661,92,08/11/22,143350,with_food,92,20,3857,-1,,,
rec0092_doorchoice_20220811_143350.24248661,92,08/11/22,143350,with_food,92,20,4508,-1,,,
rec0092_doorchoice_20220811_143350.24248661,92,08/11/22,143350,with_food,92,20,6284,-1,,,
rec0092_doorchoice_20220811_143350.24248661,92,08/11/22,143350,with_food,92,20,7774,-1,,,
rec0092_doorchoice_20220811_143350.24248661,92,08/11/22,143350,with_food,92,20,8469,1,,,
rec0092_doorchoice_20220811_143350.24248661,92,08/11/22,143350,with_food,83,19,1222,1,,,
rec0092_doorchoice_20220811_143350.24248661,92,08/11/22,143350,with_food,83,19,4535,1,,,
rec0092_doorchoice_20220811_143350.24248661,92,08/11/22,143350,with_food,83,19,5382,1,,,
rec0092_doorchoice_20220811_143350.24248661,92,08/11/22,143350,with_food,83,19,2736,-1,,,
rec0092_doorchoice_20220811_143350.24248661,92,08/11/22,143350,with_food,83,19,5154,-1,,,
rec0092_doorchoice_20220811_143350.24248661,92,08/11/22,143350,with_food,83,19,10191,-1,,,
rec0093_doorchoice_20220811_162752.24248657,93,08/11/22,162752,with_food,81,22,1381,1,,,
rec0093_doorchoice_20220811_162752.24248657,93,08/11/22,162752,with_food,81,22,2237,1,,,
rec0093_doorchoice_20220811_162752.24248657,93,08/11/22,162752,with_food,81,22,2649,1,,,
rec0093_doorchoice_20220811_162752.24248657,93,08/11/22,162752,with_food,81,22,3049,1,,,
rec0093_doorchoice_20220811_162752.24248657,93,08/11/22,162752,with_food,81,22,3457,1,,,
rec0093_doorchoice_20220811_162752.24248657,93,08/11/22,162752,with_food,81,22,4525,1,,,
rec0093_doorchoice_20220811_162752.24248657,93,08/11/22,162752,with_food,81,22,8926,1,,,
rec0093_doorchoice_20220811_162752.24248657,93,08/11/22,162752,with_food,81,22,10158,1,,,
rec0093_doorchoice_20220811_162752.24248657,93,08/11/22,162752,with_food,81,22,2169,-1,,,
rec0093_doorchoice_20220811_162752.24248657,93,08/11/22,162752,with_food,81,22,2432,-1,,,
rec0093_doorchoice_20220811_162752.24248657,93,08/11/22,162752,with_food,81,22,2900,-1,,,
rec0093_doorchoice_20220811_162752.24248657,93,08/11/22,162752,with_food,81,22,3256,-1,,,
rec0093_doorchoice_20220811_162752.24248657,93,08/11/22,162752,with_food,81,22,3597,-1,,,
rec0093_doorchoice_20220811_162752.24248657,93,08/11/22,162752,with_food,81,22,7411,-1,,,
rec0093_doorchoice_20220811_162752.24248657,93,08/11/22,162752,with_food,81,22,9904,-1,,,
rec0093_doorchoice_20220811_162752.24248657,93,08/11/22,162752,with_food,84,24,3445,1,,,
rec0093_doorchoice_20220811_162752.24248657,93,08/11/22,162752,with_food,84,24,4090,1,,,
rec0093_doorchoice_20220811_162752.24248657,93,08/11/22,162752,with_food,84,24,5128,1,,,
rec0093_doorchoice_20220811_162752.24248657,93,08/11/22,162752,with_food,84,24,8403,1,,,
rec0093_doorchoice_20220811_162752.24248657,93,08/11/22,162752,with_food,84,24,9065,1,,,
rec0093_doorchoice_20220811_162752.24248657,93,08/11/22,162752,with_food,84,24,4015,-1,,,
rec0093_doorchoice_20220811_162752.24248657,93,08/11/22,162752,with_food,84,24,4982,-1,,,
rec0093_doorchoice_20220811_162752.24248657,93,08/11/22,162752,with_food,84,24,5247,-1,,,
rec0093_doorchoice_20220811_162752.24248657,93,08/11/22,162752,with_food,84,24,8714,-1,,,
rec0093_doorchoice_20220811_162752.24248657,93,08/11/22,162752,with_food,84,24,10596,-1,,,
rec0094_doorchoice_20220811_162752.24248658,94,08/11/22,162752,with_food,80,14,801,1,,,
rec0094_doorchoice_20220811_162752.24248658,94,08/11/22,162752,with_food,80,14,4464,1,,,
rec0094_doorchoice_20220811_162752.24248658,94,08/11/22,162752,with_food,80,14,3525,1,,,
rec0094_doorchoice_20220811_162752.24248658,94,08/11/22,162752,with_food,80,14,4177,1,,,
rec0094_doorchoice_20220811_162752.24248658,94,08/11/22,162752,with_food,80,14,5777,1,,,
rec0094_doorchoice_20220811_162752.24248658,94,08/11/22,162752,with_food,80,14,1030,-1,,,
rec0094_doorchoice_20220811_162752.24248658,94,08/11/22,162752,with_food,80,14,3204,-1,,,
rec0094_doorchoice_20220811_162752.24248658,94,08/11/22,162752,with_food,80,14,3737,-1,,,
rec0094_doorchoice_20220811_162752.24248658,94,08/11/22,162752,with_food,80,14,4774,-1,,,
rec0094_doorchoice_20220811_162752.24248658,94,08/11/22,162752,with_food,82,16,4019,1,,,
rec0094_doorchoice_20220811_162752.24248658,94,08/11/22,162752,with_food,82,16,5174,1,,,
rec0094_doorchoice_20220811_162752.24248658,94,08/11/22,162752,with_food,82,16,6381,1,,,
rec0094_doorchoice_20220811_162752.24248658,94,08/11/22,162752,with_food,82,16,6970,1,,,
rec0094_doorchoice_20220811_162752.24248658,94,08/11/22,162752,with_food,82,16,7474,1,,,
rec0094_doorchoice_20220811_162752.24248658,94,08/11/22,162752,with_food,82,16,8241,1,,,
rec0094_doorchoice_20220811_162752.24248658,94,08/11/22,162752,with_food,82,16,9142,1,,,
rec0094_doorchoice_20220811_162752.24248658,94,08/11/22,162752,with_food,82,16,5057,-1,,,
rec0094_doorchoice_20220811_162752.24248658,94,08/11/22,162752,with_food,82,16,6262,-1,,,
rec0094_doorchoice_20220811_162752.24248658,94,08/11/22,162752,with_food,82,16,6706,-1,,,
rec0094_doorchoice_20220811_162752.24248658,94,08/11/22,162752,with_food,82,16,7162,-1,,,
rec0094_doorchoice_20220811_162752.24248658,94,08/11/22,162752,with_food,82,16,8045,-1,,,
rec0094_doorchoice_20220811_162752.24248658,94,08/11/22,162752,with_food,82,16,8414,-1,,,
rec0095_doorchoice_20220811_162752.24248661,95,08/11/22,162752,with_food,91,18,1517,1,,,
rec0095_doorchoice_20220811_162752.24248661,95,08/11/22,162752,with_food,91,18,5415,1,,,
rec0095_doorchoice_20220811_162752.24248661,95,08/11/22,162752,with_food,91,18,5054,-1,,,
rec0095_doorchoice_20220811_162752.24248661,95,08/11/22,162752,with_food,92,20,2461,1,,,
rec0095_doorchoice_20220811_162752.24248661,95,08/11/22,162752,with_food,92,20,3640,1,,,
rec0095_doorchoice_20220811_162752.24248661,95,08/11/22,162752,with_food,92,20,4675,1,,,
rec0095_doorchoice_20220811_162752.24248661,95,08/11/22,162752,with_food,92,20,5194,1,,,
rec0095_doorchoice_20220811_162752.24248661,95,08/11/22,162752,with_food,92,20,5927,1,,,
rec0095_doorchoice_20220811_162752.24248661,95,08/11/22,162752,with_food,92,20,8820,1,,,
rec0095_doorchoice_20220811_162752.24248661,95,08/11/22,162752,with_food,92,20,9995,1,,,
rec0095_doorchoice_20220811_162752.24248661,95,08/11/22,162752,with_food,92,20,3529,-1,,,
rec0095_doorchoice_20220811_162752.24248661,95,08/11/22,162752,with_food,92,20,4418,-1,,,
rec0095_doorchoice_20220811_162752.24248661,95,08/11/22,162752,with_food,92,20,5126,-1,,,
rec0095_doorchoice_20220811_162752.24248661,95,08/11/22,162752,with_food,92,20,5581,-1,,,
rec0095_doorchoice_20220811_162752.24248661,95,08/11/22,162752,with_food,92,20,6369,-1,,,
rec0095_doorchoice_20220811_162752.24248661,95,08/11/22,162752,with_food,92,20,9165,-1,,,
rec0095_doorchoice_20220811_162752.24248661,95,08/11/22,162752,with_food,92,20,10136,-1,,,
rec0095_doorchoice_20220811_162752.24248661,95,08/11/22,162752,with_food,83,19,720,1,,,
rec0095_doorchoice_20220811_162752.24248661,95,08/11/22,162752,with_food,83,19,2854,1,,,
rec0095_doorchoice_20220811_162752.24248661,95,08/11/22,162752,with_food,83,19,3133,1,,,
rec0095_doorchoice_20220811_162752.24248661,95,08/11/22,162752,with_food,83,19,6399,1,,,
rec0095_doorchoice_20220811_162752.24248661,95,08/11/22,162752,with_food,83,19,1070,-1,,,
rec0095_doorchoice_20220811_162752.24248661,95,08/11/22,162752,with_food,83,19,3081,-1,,,
rec0095_doorchoice_20220811_162752.24248661,95,08/11/22,162752,with_food,83,19,4017,-1,,,
rec0095_doorchoice_20220811_162752.24248661,95,08/11/22,162752,with_food,83,19,7772,-1,,,
rec0096_doorchoice_20220829_103845.24248657,96,08/29/22,103845,without_food,140,22,2016,1,,,
rec0096_doorchoice_20220829_103845.24248657,96,08/29/22,103845,without_food,140,22,3208,1,,,
rec0096_doorchoice_20220829_103845.24248657,96,08/29/22,103845,without_food,140,22,5180,1,,,
rec0096_doorchoice_20220829_103845.24248657,96,08/29/22,103845,without_food,140,22,6172,1,,,
rec0096_doorchoice_20220829_103845.24248657,96,08/29/22,103845,without_food,140,22,8227,1,,,
rec0096_doorchoice_20220829_103845.24248657,96,08/29/22,103845,without_food,140,22,2986,-1,,,
rec0096_doorchoice_20220829_103845.24248657,96,08/29/22,103845,without_food,140,22,4604,-1,,,
rec0096_doorchoice_20220829_103845.24248657,96,08/29/22,103845,without_food,140,22,5326,-1,,,
rec0096_doorchoice_20220829_103845.24248657,96,08/29/22,103845,without_food,140,22,7448,-1,,,
rec0096_doorchoice_20220829_103845.24248657,96,08/29/22,103845,without_food,140,22,9535,-1,,,
rec0096_doorchoice_20220829_103845.24248657,96,08/29/22,103845,without_food,139,21,696,1,,,
rec0096_doorchoice_20220829_103845.24248657,96,08/29/22,103845,without_food,139,21,1008,1,,,
rec0096_doorchoice_20220829_103845.24248657,96,08/29/22,103845,without_food,139,21,2741,1,,,
rec0096_doorchoice_20220829_103845.24248657,96,08/29/22,103845,without_food,139,21,7378,1,,,
rec0096_doorchoice_20220829_103845.24248657,96,08/29/22,103845,without_food,139,21,9953,1,,,
rec0096_doorchoice_20220829_103845.24248657,96,08/29/22,103845,without_food,139,21,10644,1,,,
rec0096_doorchoice_20220829_103845.24248657,96,08/29/22,103845,without_food,139,21,891,-1,,,
rec0096_doorchoice_20220829_103845.24248657,96,08/29/22,103845,without_food,139,21,2272,-1,,,
rec0096_doorchoice_20220829_103845.24248657,96,08/29/22,103845,without_food,139,21,7155,-1,,,
rec0096_doorchoice_20220829_103845.24248657,96,08/29/22,103845,without_food,139,21,8215,-1,,,
rec0096_doorchoice_20220829_103845.24248657,96,08/29/22,103845,without_food,139,21,10585,-1,,,
rec0096_doorchoice_20220829_103845.24248657,96,08/29/22,103845,without_food,127,24,1549,1,,,
rec0096_doorchoice_20220829_103845.24248657,96,08/29/22,103845,without_food,127,24,6829,1,,,
rec0096_doorchoice_20220829_103845.24248657,96,08/29/22,103845,without_food,127,24,10074,-1,,,
rec0096_doorchoice_20220829_103845.24248657,96,08/29/22,103845,without_food,137,23,1300,1,,,
rec0096_doorchoice_20220829_103845.24248657,96,08/29/22,103845,without_food,137,23,2893,1,,,
rec0096_doorchoice_20220829_103845.24248657,96,08/29/22,103845,without_food,137,23,4479,1,,,
rec0096_doorchoice_20220829_103845.24248657,96,08/29/22,103845,without_food,137,23,1706,-1,,,
rec0096_doorchoice_20220829_103845.24248657,96,08/29/22,103845,without_food,137,23,3351,-1,,,
rec0096_doorchoice_20220829_103845.24248657,96,08/29/22,103845,without_food,137,23,7099,-1,,,
rec0097_doorchoice_20220829_103845.24248658,97,08/29/22,103845,without_food,123,16,2060,1,,,
rec0097_doorchoice_20220829_103845.24248658,97,08/29/22,103845,without_food,123,16,8288,1,,,
rec0097_doorchoice_20220829_103845.24248658,97,08/29/22,103845,without_food,123,16,6537,-1,,,
rec0097_doorchoice_20220829_103845.24248658,97,08/29/22,103845,without_food,123,16,10077,-1,,,
rec0097_doorchoice_20220829_103845.24248658,97,08/29/22,103845,without_food,128,15,8330,1,,,
rec0098_doorchoice_20220829_103845.24248661,98,08/29/22,103845,without_food,124,17,2909,1,,,
rec0098_doorchoice_20220829_103845.24248661,98,08/29/22,103845,without_food,124,17,5618,1,,,
rec0098_doorchoice_20220829_103845.24248661,98,08/29/22,103845,without_food,124,17,7492,1,,,
rec0098_doorchoice_20220829_103845.24248661,98,08/29/22,103845,without_food,124,17,9846,1,,,
rec0098_doorchoice_20220829_103845.24248661,98,08/29/22,103845,without_food,124,17,5048,-1,,,
rec0098_doorchoice_20220829_103845.24248661,98,08/29/22,103845,without_food,124,17,6699,-1,,,
rec0098_doorchoice_20220829_103845.24248661,98,08/29/22,103845,without_food,124,17,9338,-1,,,
rec0098_doorchoice_20220829_103845.24248661,98,08/29/22,103845,without_food,138,18,4494,1,,,
rec0098_doorchoice_20220829_103845.24248661,98,08/29/22,103845,without_food,138,18,8131,1,,,
rec0098_doorchoice_20220829_103845.24248661,98,08/29/22,103845,without_food,138,18,1466,-1,,,
rec0098_doorchoice_20220829_103845.24248661,98,08/29/22,103845,without_food,138,18,5876,-1,,,
rec0098_doorchoice_20220829_103845.24248661,98,08/29/22,103845,without_food,126,20,7708,1,,,
rec0098_doorchoice_20220829_103845.24248661,98,08/29/22,103845,without_food,126,20,9860,-1,,,
rec0098_doorchoice_20220829_103845.24248661,98,08/29/22,103845,without_food,125,19,3831,1,,,
rec0098_doorchoice_20220829_103845.24248661,98,08/29/22,103845,without_food,125,19,2755,-1,,,
rec0098_doorchoice_20220829_103845.24248661,98,08/29/22,103845,without_food,125,19,5492,-1,,,
rec0099_doorchoice_20220829_122434.24248657,99,08/29/22,122434,with_food,140,22,6628,1,,,
rec0099_doorchoice_20220829_122434.24248657,99,08/29/22,122434,with_food,139,21,6604,,,,
rec0099_doorchoice_20220829_122434.24248657,99,08/29/22,122434,with_food,139,21,9984,,,,
rec0099_doorchoice_20220829_122434.24248657,99,08/29/22,122434,with_food,139,21,5268,,,,
rec0099_doorchoice_20220829_122434.24248657,99,08/29/22,122434,with_food,139,21,9488,,,,
rec0099_doorchoice_20220829_122434.24248657,99,08/29/22,122434,with_food,139,21,10612,,,,
rec0099_doorchoice_20220829_122434.24248657,99,08/29/22,122434,with_food,137,23,1888,1,,,
rec0099_doorchoice_20220829_122434.24248657,99,08/29/22,122434,with_food,137,23,6118,1,,,
rec0099_doorchoice_20220829_122434.24248657,99,08/29/22,122434,with_food,137,23,8339,1,,,
rec0099_doorchoice_20220829_122434.24248657,99,08/29/22,122434,with_food,137,23,5506,-1,,,
rec0099_doorchoice_20220829_122434.24248657,99,08/29/22,122434,with_food,137,23,6569,-1,,,
rec0099_doorchoice_20220829_122434.24248657,99,08/29/22,122434,with_food,137,23,10595,-1,,,
rec0100_doorchoice_20220829_122434.24248658,100,08/29/22,122434,with_food,123,16,3702,1,,,
rec0100_doorchoice_20220829_122434.24248658,100,08/29/22,122434,with_food,123,16,10185,1,,,
rec0100_doorchoice_20220829_122434.24248658,100,08/29/22,122434,with_food,123,16,9261,-1,,,
rec0101_doorchoice_20220829_122434.24248661,101,08/29/22,122434,with_food,124,17,9781,1,,,
rec0101_doorchoice_20220829_122434.24248661,101,08/29/22,122434,with_food,138,18,718,1,,,
rec0101_doorchoice_20220829_122434.24248661,101,08/29/22,122434,with_food,138,18,1834,1,,,
rec0101_doorchoice_20220829_122434.24248661,101,08/29/22,122434,with_food,138,18,1508,-1,,,
rec0101_doorchoice_20220829_122434.24248661,101,08/29/22,122434,with_food,126,20,10304,1,,,
rec0101_doorchoice_20220829_122434.24248661,101,08/29/22,122434,with_food,125,19,998,1,,,
rec0101_doorchoice_20220829_122434.24248661,101,08/29/22,122434,with_food,125,19,9155,1,,,
rec0101_doorchoice_20220829_122434.24248661,101,08/29/22,122434,with_food,125,19,5597,-1,,,
rec0102_doorchoice_20220829_150405.24248657,102,08/29/22,150405,with_food,140,22,3958,1,,,
rec0102_doorchoice_20220829_150405.24248657,102,08/29/22,150405,with_food,140,22,9350,-1,,,
rec0102_doorchoice_20220829_150405.24248657,102,08/29/22,150405,with_food,139,21,1561,1,,,
rec0102_doorchoice_20220829_150405.24248657,102,08/29/22,150405,with_food,139,21,10218,1,,,
rec0102_doorchoice_20220829_150405.24248657,102,08/29/22,150405,with_food,139,21,9259,-1,,,
rec0102_doorchoice_20220829_150405.24248657,102,08/29/22,150405,with_food,137,23,2371,1,,,
rec0102_doorchoice_20220829_150405.24248657,102,08/29/22,150405,with_food,137,23,5717,1,,,
rec0102_doorchoice_20220829_150405.24248657,102,08/29/22,150405,with_food,137,23,9871,1,,,
rec0102_doorchoice_20220829_150405.24248657,102,08/29/22,150405,with_food,137,23,5555,-1,,,
rec0102_doorchoice_20220829_150405.24248657,102,08/29/22,150405,with_food,137,23,8275,-1,,,
rec0103_doorchoice_20220829_150405.24248658,103,08/29/22,150405,with_food,123,16,5239,1,,,
rec0103_doorchoice_20220829_150405.24248658,103,08/29/22,150405,with_food,123,16,7826,1,,,
rec0103_doorchoice_20220829_150405.24248658,103,08/29/22,150405,with_food,123,16,7745,-1,,,
rec0103_doorchoice_20220829_150405.24248658,103,08/29/22,150405,with_food,123,16,10235,-1,,,
rec0103_doorchoice_20220829_150405.24248658,103,08/29/22,150405,with_food,128,15,9438,1,,,
rec0104_doorchoice_20220829_150405.24248661,104,08/29/22,150405,with_food,125,19,1995,1,,,
rec0104_doorchoice_20220829_150405.24248661,104,08/29/22,150405,with_food,125,19,5984,1,,,
rec0104_doorchoice_20220829_150405.24248661,104,08/29/22,150405,with_food,125,19,10541,1,,,
rec0104_doorchoice_20220829_150405.24248661,104,08/29/22,150405,with_food,125,19,5185,-1,,,
rec0104_doorchoice_20220829_150405.24248661,104,08/29/22,150405,with_food,125,19,9318,-1,,,
rec0104_doorchoice_20220829_150405.24248661,104,08/29/22,150405,with_food,125,19,10770,-1,,,
rec0105_doorchoice_20220829_162100.24248657,105,08/29/22,162100,with_food,139,21,2868,1,,,
rec0105_doorchoice_20220829_162100.24248657,105,08/29/22,162100,with_food,139,21,6896,1,,,
rec0105_doorchoice_20220829_162100.24248657,105,08/29/22,162100,with_food,139,21,6821,-1,,,
rec0105_doorchoice_20220829_162100.24248657,105,08/29/22,162100,with_food,139,21,9468,-1,,,
rec0105_doorchoice_20220829_162100.24248657,105,08/29/22,162100,with_food,137,23,482,1,,,
rec0105_doorchoice_20220829_162100.24248657,105,08/29/22,162100,with_food,137,23,2562,1,,,
rec0105_doorchoice_20220829_162100.24248657,105,08/29/22,162100,with_food,137,23,2432,-1,,,
rec0106_doorchoice_20220829_162100.24248658,106,08/29/22,162100,with_food,,,,,,,
rec0107_doorchoice_20220829_162100.24248661,107,08/29/22,162100,with_food,138,18,1954,1,,,
rec0107_doorchoice_20220829_162100.24248661,107,08/29/22,162100,with_food,138,18,10749,-1,,,
rec0107_doorchoice_20220829_162100.24248661,107,08/29/22,162100,with_food,126,20,7459,1,,,
rec0107_doorchoice_20220829_162100.24248661,107,08/29/22,162100,with_food,126,20,9487,1,,,
rec0107_doorchoice_20220829_162100.24248661,107,08/29/22,162100,with_food,126,20,10434,1,,,
rec0107_doorchoice_20220829_162100.24248661,107,08/29/22,162100,with_food,126,20,7961,-1,,,
rec0107_doorchoice_20220829_162100.24248661,107,08/29/22,162100,with_food,126,20,10187,-1,,,
rec0107_doorchoice_20220829_162100.24248661,107,08/29/22,162100,with_food,125,19,1486,1,,,
rec0107_doorchoice_20220829_162100.24248661,107,08/29/22,162100,with_food,125,19,4297,1,,,
rec0107_doorchoice_20220829_162100.24248661,107,08/29/22,162100,with_food,125,19,5226,1,,,
rec0107_doorchoice_20220829_162100.24248661,107,08/29/22,162100,with_food,125,19,7478,1,,,
rec0107_doorchoice_20220829_162100.24248661,107,08/29/22,162100,with_food,125,19,3488,-1,,,
rec0107_doorchoice_20220829_162100.24248661,107,08/29/22,162100,with_food,125,19,4837,-1,,,
rec0107_doorchoice_20220829_162100.24248661,107,08/29/22,162100,with_food,125,19,6432,-1,,,
rec0108_doorchoice_20220830_102735.24248657,108,30/08/2022,102735,without_food,139,21,2453,1,,,
rec0108_doorchoice_20220830_102735.24248657,108,30/08/2022,102735,without_food,139,21,3834,1,,,
rec0108_doorchoice_20220830_102735.24248657,108,30/08/2022,102735,without_food,139,21,8833,1,,,
rec0108_doorchoice_20220830_102735.24248657,108,30/08/2022,102735,without_food,139,21,10092,1,,,
rec0108_doorchoice_20220830_102735.24248657,108,30/08/2022,102735,without_food,139,21,2831,-1,,,
rec0108_doorchoice_20220830_102735.24248657,108,30/08/2022,102735,without_food,139,21,5609,-1,,,
rec0108_doorchoice_20220830_102735.24248657,108,30/08/2022,102735,without_food,139,21,9725,-1,,,
rec0108_doorchoice_20220830_102735.24248657,108,30/08/2022,102735,without_food,137,23,675,1,,,
rec0108_doorchoice_20220830_102735.24248657,108,30/08/2022,102735,without_food,137,23,4456,1,,,
rec0108_doorchoice_20220830_102735.24248657,108,30/08/2022,102735,without_food,137,23,6047,1,,,
rec0108_doorchoice_20220830_102735.24248657,108,30/08/2022,102735,without_food,137,23,7217,1,,,
rec0108_doorchoice_20220830_102735.24248657,108,30/08/2022,102735,without_food,137,23,7966,1,,,
rec0108_doorchoice_20220830_102735.24248657,108,30/08/2022,102735,without_food,137,23,2725,-1,,,
rec0108_doorchoice_20220830_102735.24248657,108,30/08/2022,102735,without_food,137,23,5211,-1,,,
rec0108_doorchoice_20220830_102735.24248657,108,30/08/2022,102735,without_food,137,23,7636,-1,,,
rec0108_doorchoice_20220830_102735.24248657,108,30/08/2022,102735,without_food,137,23,8262,-1,,,
rec0109_doorchoice_20220830_102735.24248658,109,30/08/2022,102735,without_food,123,16,1216,1,,,
rec0109_doorchoice_20220830_102735.24248658,109,30/08/2022,102735,without_food,123,16,6999,-1,,,
rec0110_doorchoice_20220830_102735.24248661,110,30/08/2022,102735,without_food,124,17,6589,1,,,
rec0110_doorchoice_20220830_102735.24248661,110,30/08/2022,102735,without_food,124,17,9264,1,,,
rec0110_doorchoice_20220830_102735.24248661,110,30/08/2022,102735,without_food,124,17,10739,1,,,
rec0110_doorchoice_20220830_102735.24248661,110,30/08/2022,102735,without_food,124,17,7905,-1,,,
rec0110_doorchoice_20220830_102735.24248661,110,30/08/2022,102735,without_food,124,17,9460,-1,,,
rec0110_doorchoice_20220830_102735.24248661,110,30/08/2022,102735,without_food,138,18,1865,1,,,
rec0110_doorchoice_20220830_102735.24248661,110,30/08/2022,102735,without_food,138,18,6479,-1,,,
rec0110_doorchoice_20220830_102735.24248661,110,30/08/2022,102735,without_food,126,20,4965,1,,,
rec0110_doorchoice_20220830_102735.24248661,110,30/08/2022,102735,without_food,126,20,7450,1,,,
rec0110_doorchoice_20220830_102735.24248661,110,30/08/2022,102735,without_food,126,20,6976,-1,,,
rec0110_doorchoice_20220830_102735.24248661,110,30/08/2022,102735,without_food,126,20,8430,-1,,,
rec0110_doorchoice_20220830_102735.24248661,110,30/08/2022,102735,without_food,125,19,1938,1,,,
rec0110_doorchoice_20220830_102735.24248661,110,30/08/2022,102735,without_food,125,19,6925,1,,,
rec0110_doorchoice_20220830_102735.24248661,110,30/08/2022,102735,without_food,125,19,9981,1,,,
rec0110_doorchoice_20220830_102735.24248661,110,30/08/2022,102735,without_food,125,19,10540,1,,,
rec0110_doorchoice_20220830_102735.24248661,110,30/08/2022,102735,without_food,125,19,4641,-1,,,
rec0110_doorchoice_20220830_102735.24248661,110,30/08/2022,102735,without_food,125,19,8387,-1,,,
rec0110_doorchoice_20220830_102735.24248661,110,30/08/2022,102735,without_food,125,19,10312,-1,,,
rec0111_doorchoice_20220830_122555.24248657,111,30/08/2022,122555,with_food,137,23,928,1,,,
rec0111_doorchoice_20220830_122555.24248657,111,30/08/2022,122555,with_food,137,23,2660,1,,,
rec0111_doorchoice_20220830_122555.24248657,111,30/08/2022,122555,with_food,137,23,3008,1,,,
rec0111_doorchoice_20220830_122555.24248657,111,30/08/2022,122555,with_food,137,23,3568,1,,,
rec0111_doorchoice_20220830_122555.24248657,111,30/08/2022,122555,with_food,137,23,4426,1,,,
rec0111_doorchoice_20220830_122555.24248657,111,30/08/2022,122555,with_food,137,23,5005,1,,,
rec0111_doorchoice_20220830_122555.24248657,111,30/08/2022,122555,with_food,137,23,6987,1,,,
rec0111_doorchoice_20220830_122555.24248657,111,30/08/2022,122555,with_food,137,23,8183,1,,,
rec0111_doorchoice_20220830_122555.24248657,111,30/08/2022,122555,with_food,137,23,8698,1,,,
rec0111_doorchoice_20220830_122555.24248657,111,30/08/2022,122555,with_food,137,23,9643,1,,,
rec0111_doorchoice_20220830_122555.24248657,111,30/08/2022,122555,with_food,137,23,2529,-1,,,
rec0111_doorchoice_20220830_122555.24248657,111,30/08/2022,122555,with_food,137,23,2935,-1,,,
rec0111_doorchoice_20220830_122555.24248657,111,30/08/2022,122555,with_food,137,23,3537,-1,,,
rec0111_doorchoice_20220830_122555.24248657,111,30/08/2022,122555,with_food,137,23,4252,-1,,,
rec0111_doorchoice_20220830_122555.24248657,111,30/08/2022,122555,with_food,137,23,4742,-1,,,
rec0111_doorchoice_20220830_122555.24248657,111,30/08/2022,122555,with_food,137,23,6682,-1,,,
rec0111_doorchoice_20220830_122555.24248657,111,30/08/2022,122555,with_food,137,23,7497,-1,,,
rec0111_doorchoice_20220830_122555.24248657,111,30/08/2022,122555,with_food,137,23,8484,-1,,,
rec0111_doorchoice_20220830_122555.24248657,111,30/08/2022,122555,with_food,137,23,9136,-1,,,
rec0111_doorchoice_20220830_122555.24248657,111,30/08/2022,122555,with_food,137,23,9837,-1,,,
rec0112_doorchoice_20220830_122555.24248658,112,30/08/2022,122555,with_food,,,,,,,
rec0113_doorchoice_20220830_122555.24248661,113,30/08/2022,122555,with_food,138,18,2192,1,,,
rec0113_doorchoice_20220830_122555.24248661,113,30/08/2022,122555,with_food,138,18,4502,1,,,
rec0113_doorchoice_20220830_122555.24248661,113,30/08/2022,122555,with_food,138,18,4372,-1,,,
rec0113_doorchoice_20220830_122555.24248661,113,30/08/2022,122555,with_food,138,18,7072,-1,,,
rec0113_doorchoice_20220830_122555.24248661,113,30/08/2022,122555,with_food,125,19,3029,1,,,
rec0113_doorchoice_20220830_122555.24248661,113,30/08/2022,122555,with_food,125,19,7563,1,,,
rec0113_doorchoice_20220830_122555.24248661,113,30/08/2022,122555,with_food,125,19,7362,-1,,,
rec0113_doorchoice_20220830_122555.24248661,113,30/08/2022,122555,with_food,125,19,8535,-1,,,
rec0114_doorchoice_20220830_145938.24248657,114,30/08/2022,145938,with_food,140,22,1896,1,,,
rec0114_doorchoice_20220830_145938.24248657,114,30/08/2022,145938,with_food,140,22,3724,1,,,
rec0114_doorchoice_20220830_145938.24248657,114,30/08/2022,145938,with_food,140,22,8850,1,,,
rec0114_doorchoice_20220830_145938.24248657,114,30/08/2022,145938,with_food,140,22,2487,-1,,,
rec0114_doorchoice_20220830_145938.24248657,114,30/08/2022,145938,with_food,140,22,7055,-1,,,
rec0114_doorchoice_20220830_145938.24248657,114,30/08/2022,145938,with_food,139,21,1239,1,,,
rec0114_doorchoice_20220830_145938.24248657,114,30/08/2022,145938,with_food,137,22,1101,1,,,
rec0114_doorchoice_20220830_145938.24248657,114,30/08/2022,145938,with_food,137,22,7237,1,,,
rec0114_doorchoice_20220830_145938.24248657,114,30/08/2022,145938,with_food,137,22,8145,1,,,
rec0114_doorchoice_20220830_145938.24248657,114,30/08/2022,145938,with_food,137,22,9052,1,,,
rec0114_doorchoice_20220830_145938.24248657,114,30/08/2022,145938,with_food,137,22,6959,-1,,,
rec0114_doorchoice_20220830_145938.24248657,114,30/08/2022,145938,with_food,137,22,7342,-1,,,
rec0114_doorchoice_20220830_145938.24248657,114,30/08/2022,145938,with_food,137,22,8930,-1,,,
rec0114_doorchoice_20220830_145938.24248657,114,30/08/2022,145938,with_food,137,22,9924,-1,,,
rec0115_doorchoice_20220830_145938.24248658,115,30/08/2022,145938,with_food,,,,,,,
rec0116_doorchoice_20220830_145938.24248661,116,30/08/2022,145938,with_food,125,19,1190,1,,,
rec0116_doorchoice_20220830_145938.24248661,116,30/08/2022,145938,with_food,125,19,5797,1,,,
rec0116_doorchoice_20220830_145938.24248661,116,30/08/2022,145938,with_food,125,19,7643,1,,,
rec0116_doorchoice_20220830_145938.24248661,116,30/08/2022,145938,with_food,125,19,5343,-1,,,
rec0116_doorchoice_20220830_145938.24248661,116,30/08/2022,145938,with_food,125,19,6322,-1,,,
rec0116_doorchoice_20220830_145938.24248661,116,30/08/2022,145938,with_food,125,19,7685,-1,,,
rec0117_doorchoice_20220830_161719.24248657,117,30/08/2022,161719,with_food,137,23,599,1,,,
rec0117_doorchoice_20220830_161719.24248657,117,30/08/2022,161719,with_food,137,23,2744,1,,,
rec0117_doorchoice_20220830_161719.24248657,117,30/08/2022,161719,with_food,137,23,4138,1,,,
rec0117_doorchoice_20220830_161719.24248657,117,30/08/2022,161719,with_food,137,23,7960,1,,,
rec0117_doorchoice_20220830_161719.24248657,117,30/08/2022,161719,with_food,137,23,9737,1,,,
rec0117_doorchoice_20220830_161719.24248657,117,30/08/2022,161719,with_food,137,23,2612,-1,,,
rec0117_doorchoice_20220830_161719.24248657,117,30/08/2022,161719,with_food,137,23,3636,-1,,,
rec0117_doorchoice_20220830_161719.24248657,117,30/08/2022,161719,with_food,137,23,7567,-1,,,
rec0117_doorchoice_20220830_161719.24248657,117,30/08/2022,161719,with_food,137,23,9201,-1,,,
rec0117_doorchoice_20220830_161719.24248657,117,30/08/2022,161719,with_food,137,23,10341,-1,,,
rec0118_doorchoice_20220830_161719.24248658,118,30/08/2022,161719,with_food,,,,,,,
rec0119_doorchoice_20220830_161719.24248661,119,30/08/2022,161719,with_food,138,18,3386,1,,,
rec0119_doorchoice_20220830_161719.24248661,119,30/08/2022,161719,with_food,138,18,5514,1,,,
rec0119_doorchoice_20220830_161719.24248661,119,30/08/2022,161719,with_food,138,18,6203,1,,,
rec0119_doorchoice_20220830_161719.24248661,119,30/08/2022,161719,with_food,138,18,5180,-1,,,
rec0119_doorchoice_20220830_161719.24248661,119,30/08/2022,161719,with_food,138,18,6155,-1,,,
rec0119_doorchoice_20220830_161719.24248661,119,30/08/2022,161719,with_food,125,19,1901,1,,,
rec0119_doorchoice_20220830_161719.24248661,119,30/08/2022,161719,with_food,125,19,2535,1,,,
rec0119_doorchoice_20220830_161719.24248661,119,30/08/2022,161719,with_food,125,19,2293,-1,,,
rec0119_doorchoice_20220830_161719.24248661,119,30/08/2022,161719,with_food,125,19,6175,-1,,,
rec0120_doorchoice_20220831_110441.24248657,120,31/08/2022,110441,without_food,151,21,2121,1,,,
rec0120_doorchoice_20220831_110441.24248657,120,31/08/2022,110441,without_food,151,21,3409,1,,,
rec0120_doorchoice_20220831_110441.24248657,120,31/08/2022,110441,without_food,151,21,4261,1,,,
rec0120_doorchoice_20220831_110441.24248657,120,31/08/2022,110441,without_food,151,21,6489,1,,,
rec0120_doorchoice_20220831_110441.24248657,120,31/08/2022,110441,without_food,151,21,2696,-1,,,
rec0120_doorchoice_20220831_110441.24248657,120,31/08/2022,110441,without_food,151,21,4253,-1,,,
rec0120_doorchoice_20220831_110441.24248657,120,31/08/2022,110441,without_food,151,21,5012,-1,,,
rec0121_doorchoice_20220831_110441.24248658,121,31/08/2022,110441,without_food,152,13,2962,1,,,
rec0121_doorchoice_20220831_110441.24248658,121,31/08/2022,110441,without_food,148,14,8358,-1,,,
rec0122_doorchoice_20220831_110441.24248661,122,31/08/2022,110441,without_food,149,17,10447,1,,,
rec0122_doorchoice_20220831_110441.24248661,122,31/08/2022,110441,without_food,160,18,5230,1,,,
rec0122_doorchoice_20220831_110441.24248661,122,31/08/2022,110441,without_food,147,20,9967,1,,,
rec0123_doorchoice_20220831_122700.24248657,123,31/08/2022,122700,with_food,150,23,7015,1,,,
rec0123_doorchoice_20220831_122700.24248657,123,31/08/2022,122700,with_food,150,23,10580,1,,,
rec0123_doorchoice_20220831_122700.24248657,123,31/08/2022,122700,with_food,150,23,9872,-1,,,
rec0124_doorchoice_20220831_122700.24248658,124,31/08/2022,122700,with_food,159,15,2613,1,,,
rec0124_doorchoice_20220831_122700.24248658,124,31/08/2022,122700,with_food,159,15,8281,1,,,
rec0124_doorchoice_20220831_122700.24248658,124,31/08/2022,122700,with_food,159,15,6138,-1,,,
rec0125_doorchoice_20220831_122700.24248661,125,31/08/2022,122700,with_food,,,,,,,
rec0126_doorchoice_20220831_150047.24248657,126,31/08/2022,150047,with_food,150,23,5434,1,,,
rec0127_doorchoice_20220831_150047.24248658,127,31/08/2022,150047,with_food,159,15,5204,1,,,
rec0128_doorchoice_20220831_150047.24248661,128,31/08/2022,150047,with_food,147,20,1535,1,,,
rec0128_doorchoice_20220831_150047.24248661,128,31/08/2022,150047,with_food,147,20,4941,1,,,
rec0128_doorchoice_20220831_150047.24248661,128,31/08/2022,150047,with_food,147,20,7885,1,,,
rec0128_doorchoice_20220831_150047.24248661,128,31/08/2022,150047,with_food,147,20,4386,-1,,,
rec0128_doorchoice_20220831_150047.24248661,128,31/08/2022,150047,with_food,147,20,5923,-1,,,
rec0129_doorchoice_20220831_161730.24248657,129,31/08/2022,161730,with_food,,,,,,,
rec0130_doorchoice_20220831_161730.24248658,130,31/08/2022,161730,with_food,152,13,7494,1,,,
rec0130_doorchoice_20220831_161730.24248658,130,31/08/2022,161730,with_food,159,15,9697,1,,,
rec0131_doorchoice_20220831_161730.24248661,131,31/08/2022,161730,with_food,147,20,1833,1,,,
rec0131_doorchoice_20220831_161730.24248661,131,31/08/2022,161730,with_food,147,20,4184,1,,,
rec0131_doorchoice_20220831_161730.24248661,131,31/08/2022,161730,with_food,147,20,3793,-1,,,
rec0131_doorchoice_20220831_161730.24248661,131,31/08/2022,161730,with_food,147,20,4425,-1,,,
rec0132_doorchoice_20220901_104119.24248657,132,01/09/22,104119,without_food,150,23,4164,1,,,
rec0132_doorchoice_20220901_104119.24248657,132,01/09/22,104119,without_food,150,23,4593,-1,,,
rec0133_doorchoice_20220901_104119.24248658,133,01/09/22,104119,without_food,,,,,,,
rec0134_doorchoice_20220901_104119.24248661,134,01/09/22,104119,without_food,149,17,7226,1,,,
rec0134_doorchoice_20220901_104119.24248661,134,01/09/22,104119,without_food,160,18,2756,1,,,
rec0134_doorchoice_20220901_104119.24248661,134,01/09/22,104119,without_food,160,18,5790,1,,,
rec0134_doorchoice_20220901_104119.24248661,134,01/09/22,104119,without_food,160,18,8126,1,,,
rec0134_doorchoice_20220901_104119.24248661,134,01/09/22,104119,without_food,160,18,4612,-1,,,
rec0134_doorchoice_20220901_104119.24248661,134,01/09/22,104119,without_food,160,18,7328,-1,,,
rec0134_doorchoice_20220901_104119.24248661,134,01/09/22,104119,without_food,160,18,10254,-1,,,
rec0134_doorchoice_20220901_104119.24248661,134,01/09/22,104119,without_food,147,20,3773,1,,,
rec0134_doorchoice_20220901_104119.24248661,134,01/09/22,104119,without_food,147,20,4574,-1,,,
rec0135_doorchoice_20220901_122223.24248657,135,01/09/22,122223,with_food,150,23,6410,1,,,
rec0135_doorchoice_20220901_122223.24248657,135,01/09/22,122223,with_food,150,23,7580,-1,,,
rec0136_doorchoice_20220901_122223.24248658,136,01/09/22,122223,with_food,159,15,4252,1,,,
rec0136_doorchoice_20220901_122223.24248658,136,01/09/22,122223,with_food,159,15,8124,1,,,
rec0136_doorchoice_20220901_122223.24248658,136,01/09/22,122223,with_food,159,15,7464,-1,,,
rec0136_doorchoice_20220901_122223.24248658,136,01/09/22,122223,with_food,159,15,10079,-1,,,
rec0137_doorchoice_20220901_122223.24248661,137,01/09/22,122223,with_food,147,20,2822,1,,,
rec0137_doorchoice_20220901_122223.24248661,137,01/09/22,122223,with_food,147,20,4893,1,,,
rec0137_doorchoice_20220901_122223.24248661,137,01/09/22,122223,with_food,147,20,6804,1,,,
rec0137_doorchoice_20220901_122223.24248661,137,01/09/22,122223,with_food,147,20,8203,1,,,
rec0137_doorchoice_20220901_122223.24248661,137,01/09/22,122223,with_food,147,20,4434,-1,,,
rec0137_doorchoice_20220901_122223.24248661,137,01/09/22,122223,with_food,147,20,6011,-1,,,
rec0137_doorchoice_20220901_122223.24248661,137,01/09/22,122223,with_food,147,20,7717,-1,,,
rec0137_doorchoice_20220901_122223.24248661,137,01/09/22,122223,with_food,147,20,9663,-1,,,
rec0137_doorchoice_20220901_122223.24248661,137,01/09/22,122223,with_food,160,18,6468,1,,,
rec0137_doorchoice_20220901_122223.24248661,137,01/09/22,122223,with_food,160,18,10083,-1,,,
rec0138_doorchoice_20220901_150111.24248657,138,01/09/22,150111,with_food,,,,,,,
rec0139_doorchoice_20220901_150111.24248658,139,01/09/22,150111,with_food,159,15,4313,1,,,
rec0139_doorchoice_20220901_150111.24248658,139,01/09/22,150111,with_food,159,15,9495,-1,,,
rec0140_doorchoice_20220901_150111.24248661,140,01/09/22,150111,with_food,147,20,1090,1,,,
rec0140_doorchoice_20220901_150111.24248661,140,01/09/22,150111,with_food,147,20,2109,1,,,
rec0140_doorchoice_20220901_150111.24248661,140,01/09/22,150111,with_food,147,20,5081,1,,,
rec0140_doorchoice_20220901_150111.24248661,140,01/09/22,150111,with_food,147,20,8499,1,,,
rec0140_doorchoice_20220901_150111.24248661,140,01/09/22,150111,with_food,147,20,1687,-1,,,
rec0140_doorchoice_20220901_150111.24248661,140,01/09/22,150111,with_food,147,20,4543,-1,,,
rec0140_doorchoice_20220901_150111.24248661,140,01/09/22,150111,with_food,147,20,7337,-1,,,
rec0140_doorchoice_20220901_150111.24248661,140,01/09/22,150111,with_food,147,20,8675,-1,,,
rec0141_doorchoice_20220901_161633.24248657,141,01/09/22,161633,with_food,,,,,,,
rec0142_doorchoice_20220901_161633.24248658,142,01/09/22,161633,with_food,159,15,3494,1,,,
rec0142_doorchoice_20220901_161633.24248658,142,01/09/22,161633,with_food,159,15,9624,1,,,
rec0142_doorchoice_20220901_161633.24248658,142,01/09/22,161633,with_food,159,15,7119,-1,,,
rec0143_doorchoice_20220901_161633.24248661,143,01/09/22,161633,with_food,149,17,7508,1,,,
rec0143_doorchoice_20220901_161633.24248661,143,01/09/22,161633,with_food,147,20,889,1,,,
rec0143_doorchoice_20220901_161633.24248661,143,01/09/22,161633,with_food,147,20,3591,1,,,
rec0143_doorchoice_20220901_161633.24248661,143,01/09/22,161633,with_food,147,20,5073,1,,,
rec0143_doorchoice_20220901_161633.24248661,143,01/09/22,161633,with_food,147,20,3036,-1,,,
rec0143_doorchoice_20220901_161633.24248661,143,01/09/22,161633,with_food,147,20,4691,-1,,,
rec0143_doorchoice_20220901_161633.24248661,143,01/09/22,161633,with_food,147,20,8065,-1,,,
